{
    "QCD_HT500to700": 30330.0,
    "QCD_HT700to1000": 6412.0,
    "QCD_HT1000to1500": 1118.0,
    "QCD_HT1500to2000": 108.5,
    "QCD_HT2000toInf": 21.94,
    "QCD_PT120to170": 407400.0,
    "QCD_PT170to300": 103500.0,
    "QCD_PT300to470": 6833.0,
    "QCD_PT470to600": 549.5,
    "QCD_PT600to800": 156.5,
    "QCD_PT800to1000": 26.22,
    "QCD_PT1000to1400": 7.475,
    "QCD_PT1400to1800": 0.6482,
    "QCD_PT1800to2400": 0.08742,
    "QCD_PT2400to3200": 0.005237,
    "QCD_PT3200toInf": 0.0001353,
    "TTTo2L2Nu": 77.10979749999998,
    "TTToHadronic": 303.8527975,
    "TTToSemiLeptonic": 306.137405,
    "TTToSemiLeptonic_ext1": 306.137405,
    "TT_MTT1000ToInf": 16.45,
    "TT_MTT700To1000": 64.55,
    "ST_s-channel_4f_leptonDecays": 1.188915,
    "ST_t-channel_antitop": 67.93,
    "ST_t-channel_top": 113.4,
    "ST_tW_antitop": 32.51,
    "ST_tW_top": 32.45,
    "WJetsToQQ_HT200to400": 0,
    "WJetsToQQ_HT400to600": 277.0,
    "WJetsToQQ_HT600to800": 59.06,
    "WJetsToQQ_HT800toInf": 28.75,
    "WJetsToLNu_HT70to100": 1270.0,
    "WJetsToLNu_HT100to200": 1252.0,
    "WJetsToLNu_HT200to400": 336.5,
    "WJetsToLNu_HT400to600": 45.12,
    "WJetsToLNu_HT600to800": 10.99,
    "WJetsToLNu_HT800to1200": 4.938,
    "WJetsToLNu_HT1200to2500": 1.155,
    "WJetsToLNu_HT2500toInf": 0.02625,
    "ZJetsToQQ_HT200to400": 0,
    "ZJetsToQQ_HT400to600": 114.5,
    "ZJetsToQQ_HT600to800": 25.41,
    "ZJetsToQQ_HT800toInf": 12.91,
    "DYJetsToLL_HT70to100": 139.9,
    "DYJetsToLL_HT100to200": 140.1,
    "DYJetsToLL_HT200to400": 38.35,
    "DYJetsToLL_HT400to600": 5.217,
    "DYJetsToLL_HT600to800": 1.267,
    "DYJetsToLL_HT800to1200": 0.5682,
    "DYJetsToLL_HT1200to2500": 0.1332,
    "DYJetsToLL_HT2500toInf": 0.002978,
    "DYJetsToLL_Pt50To100": 394.1,
    "DYJetsToLL_Pt100To250": 94.42,
    "DYJetsToLL_Pt250To400": 3.651,
    "DYJetsToLL_Pt400To650": 0.4986,
    "DYJetsToLL_Pt650ToInf": 0.04678,
    "EWKZ_ZToQQ": 9.791,
    "EWKZ_ZToLL": 6.207,
    "EWKZ_ZToNuNu": 10.65,
    "EWKWminus_WToQQ": 19.17,
    "EWKWplus_WToQQ": 28.74,
    "EWKWminus_WToLNu": 32.08,
    "EWKWplus_WToLNu": 39.09,
    "WW": 75.83,
    "WZ": 27.56,
    "ZZ": 12.14,
    "WWTo1L1Nu2Q_NLO": 50.9,
    "WWTo4Q_NLO": 51.57,
    "WZTo1L1Nu2Q_NLO": 9.152,
    "WZTo2Q2L_NLO": 6.422,
    "ZZTo2Q2L_NLO": 3.705,
    "ZZTo2Q2Nu_NLO": 4.498,
    "ZZTo4Q_NLO": 3.295,
    "GluGluHToBB": 0.27395244,
    "VBFHToBB": 2.2498257,
    "VBFHToBBDipoleRecoilOn": 2.2498257,
    "WminusH_HToBB_WToQQ": 0.21348075,
    "WplusH_HToBB_WToQQ": 0.34215009999999996,
    "WminusH_HToBB_WToLNu": 0.10281929999999999,
    "WplusH_HToBB_WToLNu": 0.16451088,
    "ZH_HToBB_ZToQQ": 0.32600108,
    "ZH_HToBB_ZToLL": 0.04633839299999999,
    "ZH_HToBB_ZToNuNu": 0.09137556999999999,
    "ggZH_HToBB_ZToNuNu": 0.007098597999999999,
    "ggZH_HToBB_ZToQQ": 0.025089070999999998,
    "ggZH_HToBB_ZToLL": 0.0035928665,
    "ttHToBB": 0.29120516999999996
}