{
    "QCD_HT100to200": 25220000.0,
    "QCD_HT200to400": 1963000.0,
    "QCD_HT400to600": 94870.0,
    "QCD_HT600to800": 13420.0,
    "QCD_HT800to1000": 2992.0,
    "QCD_HT1000to1200": 879.1,
    "QCD_HT1200to1500": 384.5,
    "QCD_HT1500to2000": 125.5,
    "QCD_HT2000": 25.78,
    "TTto4Q": 410.8994804,
    "TTto2L2Nu": 102.41708040000002,
    "TTtoLNu2Q": 410.2834392000001,
    "TWminus_fullhad": 19.816703400000005,
    "TWminus_fulllep": 4.741853400000001,
    "TWminus_semilep": 24.558556800000005,
    "TbarWplus_fullhad": 19.816703400000005,
    "TbarWplus_fulllep": 4.741853400000001,
    "TbarWplus_semilep": 24.558556800000005,
    "TBbar_tchannel": 145.0,
    "TbarB_tchannel": 87.2,
    "WW": 116.8,
    "WZ": 54.3,
    "ZZ": 16.7,
    "GluGlu_Hto2B": 0.4814455736978417,
    "VBF_Hto2B": 2.3689102,
    "WminusH_Hto2B_Wto2Q": 0.34906071876000005,
    "WminusH_Hto2B_WtoLNu": 0.16730129124,
    "WplusH_Hto2B_Wto2Q": 0.22292920468,
    "WplusH_Hto2B_WtoLNu": 0.10684772532,
    "ZH_Hto2B_Zto2L": 0.013994797660199999,
    "ZH_Hto2B_Zto2Q": 0.32809869189209995,
    "ZH_Hto2B_Zto2Nu": 0.1272156204477,
    "ggZH_Hto2B_Zto2L": 0.002355851568,
    "ggZH_Hto2B_Zto2Nu": 0.021415180567999997,
    "ggZH_Hto2B_Zto2Q": 0.055231367864,
    "ttH_Hto2B": 0.33111299999999994,
    "Wto2Q_HT200to400": 2723.0,
    "Wto2Q_HT400to600": 299.8,
    "Wto2Q_HT600to800": 63.9,
    "Wto2Q_HT800": 31.9,
    "Zto2Q_HT200to400": 1082.0,
    "Zto2Q_HT400to600": 124.1,
    "Zto2Q_HT600to800": 27.28,
    "Zto2Q_HT800": 14.57,
    "WtoLNu": 55390.0,
    "DYJets": 0
}